nSub,nARC,thARC,T_mean,T_SD
3,3.5,0.2,0.726102944,0.007048652
3,3.5,0.4,0.677899005,0.015609514
3,3.5,0.6,0.643308895,0.011100069
3,3.5,0.8,0.641477732,0.010056027
3,3.5,1,0.670168006,0.031221924
3.25,3.5,0.2,0.709068905,0.003469613
3.25,3.5,0.4,0.686194612,0.00807011
3.25,3.5,0.6,0.668668827,0.005710909
3.25,3.5,0.8,0.667727896,0.005181822
3.25,3.5,1,0.681957118,0.01539757
3.5,3.5,0,0.691387361,0.000133257
3.5,3.5,0.2,0.691498825,0.000451788
3.5,3.5,0.4,0.691358858,7.29E-07
3.5,3.5,0.6,0.691353678,4.71E-06
3.5,3.5,0.8,0.69135379,4.44E-06
3.5,3.5,1,0.691331704,7.47E-05
3.75,3.5,0,0.664949154,0.000291448
3.75,3.5,0.2,0.67382576,0.00209618
3.75,3.5,0.4,0.694315156,0.007043263
3.75,3.5,0.6,0.711645043,0.005958386
3.75,3.5,0.8,0.712611609,0.005386857
3.75,3.5,1,0.698650375,0.014820244
4,3.5,0,0.640125209,0.000350936
4,3.5,0.2,0.656291576,0.004182247
4,3.5,0.4,0.695272539,0.013693448
4,3.5,0.6,0.7297349,0.012076917
4,3.5,0.8,0.731681753,0.010922306
4.25,3.5,0.8,0.748757377,0.016542849
4.75,3.5,0.6,0.772801761,0.03083126
5,3.5,1,0.713879774,0.079380046
1.5,3.75,0,0.960262193,0.000140003
2,3.75,0,0.889955599,0.000470766
2.25,3.75,0,0.854026772,0.000772749
2.75,3.75,0,0.782221032,1.97E-07
3.25,3.75,0,0.719728752,7.08E-05
3.75,3.75,0,0.664949154,0.000291448
4,3.75,0,0.640125209,0.000350936
4.5,3.75,0,0.595199531,0.000526224
4.75,3.75,0,0.574853512,0.000645294
5,3.75,0,0.55555556,6.99E-07
1.25,3.75,0.2,0.68035476,0.061727562
1.5,3.75,0.2,0.714307586,0.054156483
1.75,3.75,0.2,0.733160716,0.045926883
2,3.75,0.2,0.736446142,0.036569737
3,3.75,0.2,0.70830085,0.011746502
3.25,3.75,0.2,0.694688356,0.00740319
3.5,3.75,0.2,0.680096183,0.003674258
4,3.75,0.2,0.649654639,0.002116277
4.25,3.75,0.2,0.63409861,0.005100638
4.5,3.75,0.2,0.618894541,0.00710716
4.75,3.75,0.2,0.603949046,0.008809894
5,3.75,0.2,0.589343411,0.010252147
1,3.75,0.4,0.350228164,0.051889627
1.5,3.75,0.4,0.461300017,0.054060942
2.25,3.75,0.4,0.571109689,0.042033518
2.5,3.75,0.4,0.596254071,0.03594348
3.25,3.75,0.4,0.698794839,0.025677992
3,3.75,0.6,0.59017341,0.011641011
3.25,3.75,0.6,0.618354408,0.009937357
3.5,3.75,0.6,0.642107819,0.004175055
3.75,3.75,0.6,0.6648185,2.29E-06
4,3.75,0.6,0.685585947,0.004398973
4.25,3.75,0.6,0.704551408,0.008944498
4.5,3.75,0.6,0.721840834,0.013640985
4.75,3.75,0.6,0.737597843,0.018406557
5,3.75,0.6,0.751948767,0.023220235
2,3.75,0.8,0.474284719,0.042973721
3.5,3.75,0.8,0.645536056,0.007684929
4.25,3.75,0.8,0.697525818,0.015975751
4.5,3.75,0.8,0.711865266,0.025288609
4.75,3.75,0.8,0.723690408,0.031787772
5,3.75,0.8,0.734675937,0.03966481
1.75,3.75,1,0.573140725,0.14921262
2.25,3.75,1,0.618075189,0.11094702
2.75,3.75,1,0.644130058,0.071026368
3.25,3.75,1,0.658366828,0.033704707
3.5,3.75,1,0.662367405,0.016373882
4,3.75,1,0.666119353,0.01574882
4.25,3.75,1,0.665848886,0.029957481
4.5,3.75,1,0.665057006,0.043971591
4.75,3.75,1,0.663455367,0.056342517
5,3.75,1,0.661000826,0.068172072
1,4,0,0.999999424,2.02E-06
1.25,4,0,0.987770466,6.73E-05
1.5,4,0,0.960262193,0.000140003
1.75,4,0,0.926168254,0.000268068
2,4,0,0.8899556,0.000470766
1,4,0.2,0.564592828,0.071469499
1.25,4,0.2,0.621267827,0.066737931
1.5,4,0.2,0.658813548,0.059650359
1.75,4,0.2,0.685563523,0.052862271
2,4,0.2,0.694813389,0.043570009
1,4,0.4,0.29946851,0.045170102
1.25,4,0.4,0.354769078,0.048689492
1.5,4,0.4,0.403350163,0.049833108
1.75,4,0.4,0.445832204,0.049004362
1,4,0.6,0.232972981,0.012277603
1.25,4,0.6,0.281950195,0.013822198
1.5,4,0.6,0.327582264,0.014878783
1.75,4,0.6,0.36990241,0.015182561
1,4,0.8,0.278712329,0.064214377
1.25,4,0.8,0.331507452,0.069126387
1.5,4,0.8,0.378410016,0.070812739
1.75,4,0.8,0.420347992,0.069688564
2,4,0.8,0.457768962,0.066276476
1,4,1,0.510502387,0.255130171
1.25,4,1,0.554741997,0.237475975
1.5,4,1,0.586173976,0.214516008
1.75,4,1,0.608447944,0.189414325
1,4.5,0,0.999999424,2.02E-06
1.25,4.5,0,0.987770466,6.73E-05
1.5,4.5,0,0.960262193,0.000140003
1.75,4.5,0,0.926168254,0.000268068
2,4.5,0,0.889955599,0.000470766
2.25,4.5,0,0.854026772,0.000772749
2.5,4.5,0,0.816326835,7.78E-07
2.75,4.5,0,0.782221032,1.97E-07
3,4.5,0,0.750002116,2.45E-05
3.25,4.5,0,0.719728752,7.08E-05
3.5,4.5,0,0.691387361,0.000133257
1,4.5,0.2,0.448519385,0.070796187
1.25,4.5,0.2,0.506954116,0.070308022
1.5,4.5,0.2,0.550622249,0.066642747
1.75,4.5,0.2,0.582374674,0.061080553
2,4.5,0.2,0.604612082,0.05452094
2.25,4.5,0.2,0.619307756,0.047577484
2.5,4.5,0.2,0.628076027,0.040735569
2.75,4.5,0.2,0.632235548,0.034159459
3,4.5,0.2,0.632803739,0.027920018
3.25,4.5,0.2,0.630493443,0.022293047
3.5,4.5,0.2,0.625999383,0.017064476
1,4.5,0.4,0.222377788,0.032103817
1.25,4.5,0.4,0.267891092,0.036081329
1.5,4.5,0.4,0.309684952,0.03858448
1.75,4.5,0.4,0.347968342,0.039818713
2,4.5,0.4,0.382956604,0.039777449
2.25,4.5,0.4,0.414863275,0.038732327
2.5,4.5,0.4,0.443883632,0.036757077
2.75,4.5,0.4,0.470099851,0.033612111
3,4.5,0.4,0.493949054,0.030067432
3.25,4.5,0.4,0.515509602,0.025949669
3.5,4.5,0.4,0.534973736,0.021345347
1,4.5,0.6,0.191801151,0.013170311
1.25,4.5,0.6,0.233312442,0.01507514
1.5,4.5,0.6,0.272461321,0.016437671
1.75,4.5,0.6,0.309368275,0.017248553
2,4.5,0.6,0.344117731,0.017569457
2.25,4.5,0.6,0.377151905,0.017049707
2.5,4.5,0.6,0.407599217,0.016815426
2.75,4.5,0.6,0.436486656,0.015835855
3,4.5,0.6,0.463684802,0.014413102
3.25,4.5,0.6,0.489209896,0.012683922
3.5,4.5,0.6,0.51317187,0.010638528
1,4.5,0.8,0.313018546,0.141298689
1.25,4.5,0.8,0.362338876,0.146075314
1.5,4.5,0.8,0.403705797,0.144642879
1.75,4.5,0.8,0.438379418,0.138713316
2,4.5,0.8,0.467580697,0.129784448
2.25,4.5,0.8,0.49218772,0.118782133
2.5,4.5,0.8,0.512965861,0.106345582
2.75,4.5,0.8,0.530517292,0.093097491
3,4.5,0.8,0.545331662,0.079418589
3.25,4.5,0.8,0.557757076,0.065799999
1,4.5,1,0.598273377,0.272478148
1.25,4.5,1,0.634214605,0.252813436
1.5,4.5,1,0.655174633,0.228297309
1.75,4.5,1,0.666174359,0.202333015
2,4.5,1,0.670367315,0.176568402
2.25,4.5,1,0.670056114,0.151875189
2.5,4.5,1,0.666459641,0.128693548
2.75,4.5,1,0.660572005,0.107142702
3,4.5,1,0.653134664,0.087346045
3.25,4.5,1,0.644631625,0.069256388
1,2,0,0.999999424,2.02E-06
1,1,0,0.999999424,2.02E-06
1,1,0.2,0.999999297,2.83E-06
1,1,0.4,0.999999321,3.27E-06
1,1,0.6,0.999999651,2.33E-06
1,1,0.8,1,
1,1,1,1,
1,1.25,0,0.999999424,2.02E-06
1,1.25,0.2,0.998897732,0.000434411
1,1.25,0.4,0.99554429,0.0015386
1,1.25,0.6,0.990468365,0.003121168
1,1.25,0.8,0.984407119,0.004874377
1,1.25,1,0.97825467,0.006450372
1,1.5,0,0.999999424,2.02E-06
1,1.5,0.2,0.994174969,0.001886665
1,1.5,0.4,0.977816202,0.006680515
1,1.5,0.6,0.95452087,0.012620595
1,1.5,0.8,0.928851458,0.017696507
1,1.5,1,0.901577489,0.019379245
1,1.75,0,0.999999424,2.02E-06
1,1.75,0.2,0.98418078,0.004882594
1,1.75,0.4,0.94256338,0.016087042
1,1.75,0.6,0.889078752,0.027032065
1,1.75,0.8,0.834891492,0.031967106
1,1.75,1,0.792107804,0.030341993
1,2,0.2,0.967182341,0.009794764
1,2,0.4,0.888097075,0.028793742
1,2,0.6,0.799610591,0.04160133
1,2,0.8,0.723839169,0.041520469
1,2,1,0.675066012,0.031334733
1,2.25,0,0.999999424,2.02E-06
1,2.25,0.2,0.941763469,0.016755609
1,2.25,0.4,0.816596732,0.042379073
1,2.25,0.6,0.696024435,0.050786257
1,2.25,0.8,0.61306474,0.042462748
1,2.25,1,0.571556099,0.023229648
1,2.5,0,0.999999424,2.02E-06
1,2.5,0.2,0.907125756,0.025540595
1,2.5,0.4,0.733601395,0.053962087
1,2.5,0.6,0.594230612,0.053885803
1,2.5,0.8,0.515389219,0.036237508
1,2.5,1,0.491128706,0.014171732
1,2.75,0,0.999999424,2.02E-06
1,2.75,0.2,0.863344745,0.035528222
1,2.75,0.4,0.646106511,0.061456898
1,2.75,0.6,0.501554069,0.051081085
1,2.75,0.8,0.436011667,0.026124803
1,2.75,1,0.434782387,0.023927878
1,3,0,0.999999424,2.02E-06
1,3,0.2,0.81144699,0.045789885
1,3,0.4,0.560560361,0.064210559
1,3,0.6,0.422274619,0.044452338
1,3,0.8,0.375238584,0.015970115
1,3,1,0.401805531,0.047993634
1.25,1,0,0.987770466,6.73E-05
1.25,1,0.2,0.98788265,0.000124825
1.25,1,0.4,0.988090675,0.000220372
1.25,1,0.6,0.988436586,0.000366886
1.25,1,0.8,0.98901168,0.00058686
1.25,1,1,0.98993551,0.000900144
1.25,1.25,0,0.987770466,6.73E-05
1.25,1.25,0.2,0.987921846,0.000143053
1.25,1.25,0.4,0.988242578,0.00028739
1.25,1.25,0.6,0.988832744,0.000520406
1.25,1.25,0.8,0.98993555,0.000900382
1.25,1.25,1,0.987654628,1.13E-06
1.25,1.5,0,0.987770466,6.73E-05
1.25,1.5,0.2,0.985408778,0.000933147
1.25,1.5,0.4,0.978628198,0.003180336
1.25,1.5,0.6,0.968908253,0.006137846
1.25,1.5,0.8,0.954893403,0.007975973
1.25,1.5,1,0.942812757,0.009316098
1.25,1.75,0,0.987770466,6.73E-05
1.25,1.75,0.2,0.978896811,0.0029324
1.25,1.75,0.4,0.954904433,0.009861025
1.25,1.75,0.6,0.923035389,0.017386399
1.25,1.75,0.8,0.88656383,0.020955276
1.25,1.75,1,0.857925306,0.020654955
1.25,2,0,0.987770466,6.73E-05
1.25,2,0.2,0.966906237,0.006496886
1.25,2,0.4,0.914394994,0.020127343
1.25,2,0.6,0.849166328,0.030171977
1.25,2,0.8,0.792808781,0.032289751
1.25,2,1,0.754190503,0.025240799
1.25,2.25,0,0.987770466,6.73E-05
1.25,2.25,0.2,0.948072164,0.011855471
1.25,2.25,0.4,0.857207327,0.032495358
1.25,2.25,0.6,0.760569137,0.041762542
1.25,2.25,0.8,0.690264741,0.036938365
1.25,2.25,1,0.653813198,0.020832262
1.25,2.5,0,0.987770466,6.73E-05
1.25,2.5,0.2,0.921400559,0.0189958
1.25,2.5,0.4,0.78657296,0.04462306
1.25,2.5,0.6,0.665688027,0.048200757
1.25,2.5,0.8,0.593358172,0.034072257
1.25,2.5,1,0.570512223,0.013628808
1.25,2.75,0,0.987770466,6.73E-05
1.25,2.75,0.2,0.886497093,0.027597887
1.25,2.75,0.4,0.707806117,0.054222934
1.25,2.75,0.6,0.574111259,0.048778648
1.25,2.75,0.8,0.510339549,0.02605453
1.25,2.75,1,0.509071797,0.023918751
1.25,3,0,0.987770466,6.73E-05
1.25,3,0.2,0.843675504,0.037040434
1.25,3,0.4,0.626830559,0.059930804
1.25,3,0.6,0.491972239,0.044667115
1.25,3,0.8,0.444098197,0.016557792
1.25,3,1,0.471015209,0.048435654
1.5,1,0,0.960262193,0.000140003
1.5,1,0.2,0.960495798,0.000245225
1.5,1,0.4,0.960875615,0.000402187
1.5,1,0.6,0.961498369,0.000630804
1.5,1,0.8,0.960000392,7.26E-07
1.5,1,1,0.959999874,2.34E-07
1.5,1.25,0,0.960262193,0.000140003
1.5,1.25,0.2,0.961484505,0.00016298
1.5,1.25,0.4,0.964728371,0.000744172
1.5,1.25,0.6,0.96996298,0.001700874
1.5,1.25,0.8,0.973015683,0.003554996
1.5,1.25,1,0.97884747,0.004726022
1.5,1.5,0,0.960262193,0.000140003
1.5,1.5,0.2,0.960656807,0.000314418
1.5,1.5,0.4,0.961510369,0.000635421
1.5,1.5,0.6,0.959999917,1.45E-07
1.5,1.5,0.8,0.960000391,1.07E-06
1.5,1.5,1,0.96000227,2.82E-05
1.5,1.75,0,0.960262193,0.000140003
1.5,1.75,0.2,0.956853665,0.001502765
1.5,1.75,0.4,0.947238288,0.00483487
1.5,1.75,0.6,0.93021669,0.007667598
1.5,1.75,0.8,0.914133553,0.010051913
1.5,1.75,1,0.900148552,0.010321296
1.5,2,0,0.960262193,0.000140003
1.5,2,0.2,0.948814616,0.003975589
1.5,2,0.4,0.918834092,0.012603874
1.5,2,0.6,0.876576672,0.019244769
1.5,2,0.8,0.839634232,0.021631219
1.5,2,1,0.813372295,0.017601754
1.5,2.25,0,0.960262193,0.000140003
1.5,2.25,0.2,0.935287406,0.00797021
1.5,2.25,0.4,0.875076363,0.023125599
1.5,2.25,0.6,0.803291091,0.031179812
1.5,2.25,0.8,0.749335916,0.029072695
1.5,2.25,1,0.720537287,0.017024037
1.5,2.5,0,0.960262193,0.000140003
1.5,2.5,0.2,0.915266435,0.013586981
1.5,2.5,0.4,0.813987461,0.033629987
1.5,2.5,0.6,0.718805963,0.03989379
1.5,2.5,0.8,0.657507622,0.029630966
1.5,2.5,1,0.637712534,0.012112297
1.5,2.75,0,0.960262193,0.000140003
1.5,2.75,0.2,0.888084628,0.020715469
1.5,2.75,0.4,0.745573393,0.044000333
1.5,2.75,0.6,0.632300749,0.043544964
1.5,2.75,0.8,0.574433092,0.02426557
1.5,2.75,1,0.573239121,0.022163238
1.5,3,0,0.960262193,0.000140003
1.5,3,0.2,0.853636137,0.02897588
1.5,3,0.4,0.671779918,0.051638193
1.5,3,0.6,0.550932778,0.042208368
1.5,3,0.8,0.505406645,0.016264973
1.5,3,1,0.530779744,0.045951537
1.75,1,0,0.926168254,0.000268068
1.75,1,0.2,0.926591317,0.000437467
1.75,1,0.4,0.927269865,0.000681843
1.75,1,0.6,0.92561941,9.81E-07
1.75,1,0.8,0.925620421,1.43E-06
1.75,1,1,0.925619445,8.43E-07
1.75,1.25,0,0.926168254,0.000268068
1.75,1.25,0.2,0.928310707,0.000309375
1.75,1.25,0.4,0.933975503,0.001379863
1.75,1.25,0.6,0.939196176,0.003953505
1.75,1.25,0.8,0.948513391,0.006312528
1.75,1.25,1,0.958949804,0.00845304
1.75,1.5,0,0.926168254,0.000268068
1.75,1.5,0.2,0.928786093,0.000367658
1.75,1.5,0.4,0.933043693,0.002207253
1.75,1.5,0.6,0.941427454,0.004453736
1.75,1.5,0.8,0.951550508,0.006673116
1.75,1.5,1,0.961967107,0.008069766
1.75,1.75,0,0.926168254,0.000268068
1.75,1.75,0.2,0.927076258,0.000613149
1.75,1.75,0.4,0.925619144,4.64E-07
1.75,1.75,0.6,0.925620413,1.71E-06
1.75,1.75,0.8,0.925622059,7.73E-05
1.75,1.75,1,0.925657414,0.000126055
1.75,2,0,0.926168254,0.000268068
1.75,2,0.2,0.922092363,0.002154729
1.75,2,0.4,0.906478569,0.005329263
1.75,2,0.6,0.888089258,0.009073497
1.75,2,0.8,0.870246774,0.010750868
1.75,2,1,0.857236417,0.00922378
1.75,2.25,0,0.926168254,0.000268068
1.75,2.25,0.2,0.912791087,0.005022382
1.75,2.25,0.4,0.873749632,0.013609019
1.75,2.25,0.6,0.830126866,0.020307072
1.75,2.25,0.8,0.794139619,0.019972654
1.75,2.25,1,0.774310694,0.011988214
1.75,2.5,0,0.926168254,0.000268068
1.75,2.5,0.2,0.898146801,0.009328265
1.75,2.5,0.4,0.827524353,0.023765525
1.75,2.5,0.6,0.757631091,0.030270506
1.75,2.5,0.8,0.710189577,0.023656246
1.75,2.5,1,0.694474629,0.009880198
1.75,2.75,0,0.926168254,0.000268068
1.75,2.75,0.2,0.877429983,0.015076212
1.75,2.75,0.4,0.769990056,0.034099107
1.75,2.75,0.6,0.678658338,0.036395157
1.75,2.75,0.8,0.629630155,0.021167257
1.75,2.75,1,0.628849447,0.018691983
1.75,3,0,0.926168254,0.000268068
1.75,3,0.2,0.85022463,0.022071374
1.75,3,0.4,0.7048711,0.042875169
1.75,3,0.6,0.600649834,0.037753553
1.75,3,0.8,0.559546376,0.014984054
1.75,3,1,0.582331097,0.041105953
2,1,0,0.8899556,0.000470766
2,1,0.2,0.89069779,0.00072795
2,1,0.4,0.888888508,6.21E-07
2,1,0.6,0.888888112,1.79E-06
2,1,0.8,0.888890457,3.48E-06
2,1,1,0.888891586,2.80E-05
2,1.25,0,0.889955599,0.000470766
2,1.25,0.2,0.892969453,0.000517453
2,1.25,0.4,0.897116271,0.002486007
2,1.25,0.6,0.90679488,0.005240935
2,1.25,0.8,0.919205138,0.008404967
2,1.25,1,0.933220657,0.011345346
2,1.5,0,0.889955599,0.000470766
2,1.5,0.2,0.894472287,0.000691296
2,1.5,0.4,0.901884934,0.003890608
2,1.5,0.6,0.916779175,0.007965023
2,1.5,0.8,0.935073881,0.012078102
2,1.5,1,0.954279634,0.014969905
2,1.75,0,0.889955599,0.000470766
2,1.75,0.2,0.891823911,0.000896406
2,1.75,0.4,0.900140593,0.003305275
2,1.75,0.6,0.912393483,0.006355072
2,1.75,0.8,0.926329415,0.008739193
2,1.75,1,0.939393152,0.009051718
2,2,0,0.8899556,0.000470766
2,2,0.2,0.888889886,1.96E-06
2,2,0.4,0.888889401,5.17E-07
2,2,0.6,0.888895878,7.03E-05
2,2,0.8,0.888955569,0.000251885
2,2,1,0.88905308,0.000465995
2,2.25,0,0.8899556,0.000470766
2,2.25,0.2,0.882483864,0.001919477
2,2.25,0.4,0.865889371,0.006218139
2,2.25,0.6,0.84535817,0.009889436
2,2.25,0.8,0.827711044,0.010267474
2,2.25,1,0.817621931,0.006492395
2,2.5,0,0.889955599,0.000470766
2,2.5,0.2,0.871714101,0.005048594
2,2.5,0.4,0.830338369,0.01480487
2,2.5,0.6,0.78531147,0.020243517
2,2.5,0.8,0.753251704,0.016610402
2,2.5,1,0.742371137,0.007103782
2,2.75,0,0.8899556,0.000470766
2,2.75,0.2,0.855818935,0.009484766
2,2.75,0.4,0.783226027,0.024465328
2,2.75,0.6,0.715289936,0.02800536
2,2.75,0.8,0.677028913,0.01699668
2,2.75,1,0.676466887,0.01466638
2,3,0,0.8899556,0.000470766
2,3,0.2,0.83429568,0.015167002
2,3,0.4,0.727159471,0.033640656
2,3,0.6,0.642464617,0.031886909
2,3,0.8,0.60758727,0.013083932
2,3,1,0.626730388,
2.25,1,0,0.854026772,0.000772749
2.25,1,0.2,0.852070804,4.82E-07
2.25,1,0.4,0.852070567,8.63E-07
2.25,1,0.6,0.852071976,2.74E-06
2.25,1,0.8,0.85207509,2.92E-05
2.25,1,1,0.852079699,8.40E-05
2.25,1.25,0,0.854026772,0.000772749
2.25,1.25,0.2,0.854531711,0.000757051
2.25,1.25,0.4,0.861742587,0.002930175
2.25,1.25,0.6,0.873174448,0.006170311
2.25,1.25,0.8,0.887924601,0.009950079
2.25,1.25,1,0.904717492,0.01353002
2.25,1.5,0,0.854026772,0.000772749
2.25,1.5,0.2,0.856458792,0.001348305
2.25,1.5,0.4,0.869231954,0.005167433
2.25,1.5,0.6,0.889149261,0.010648868
2.25,1.5,0.8,0.914020909,0.016422601
2.25,1.5,1,0.940542275,0.020736605
2.25,1.75,0,0.854026772,0.000772749
2.25,1.75,0.2,0.857200543,0.001571617
2.25,1.75,0.4,0.871898581,0.00588264
2.25,1.75,0.6,0.894009628,0.011540783
2.25,1.75,0.8,0.919853439,0.016355345
2.25,1.75,1,0.944198435,0.017798897
2.25,2,0,0.854026772,0.000772749
2.25,2,0.2,0.856008518,0.00120084
2.25,2,0.4,0.866975048,0.004281013
2.25,2,0.6,0.882509379,0.007743889
2.25,2,0.8,0.898904552,0.009503578
2.25,2,1,0.911540541,0.008147984
2.25,2.25,0,0.854026772,0.000772749
2.25,2.25,0.2,0.852071074,1.90E-07
2.25,2.25,0.4,0.852072423,6.95E-05
2.25,2.25,0.6,0.852142216,0.000272552
2.25,2.25,0.8,0.85222222,0.000428742
2.25,2.25,1,0.852270841,0.000716639
2.25,2.5,0,0.854026772,0.000772749
2.25,2.5,0.2,0.844580302,0.002226352
2.25,2.5,0.4,0.825822336,0.006946387
2.25,2.5,0.6,0.804346515,0.01017205
2.25,2.5,0.8,0.788230897,0.008765003
2.25,2.5,1,0.782478352,0.003543666
2.25,2.75,0,0.854026772,0.000772749
2.25,2.75,0.2,0.832802904,0.005610617
2.25,2.75,0.4,0.788294918,0.015556009
2.25,2.75,0.6,0.743937862,0.019090535
2.25,2.75,0.8,0.717722724,0.011993668
2.25,2.75,1,0.717056191,0.010614012
2.25,3,0,0.854026772,0.000772749
2.25,3,0.2,0.816172542,0.010176194
2.25,3,0.4,0.741112569,0.024563483
2.25,3,0.6,0.677394543,0.024866702
2.25,3,0.8,0.650116495,0.010646813
2.25,3,1,0.664940722,0.027028391
2.5,1,0,0.816326835,7.77E-07
2.5,1,0.2,0.816326263,9.77E-07
2.5,1,0.4,0.816326688,6.71E-07
2.5,1,0.6,0.816326864,6.47E-05
2.5,1,0.8,0.816329772,0.000142421
2.5,1,1,0.816355646,0.000155034
2.5,1.25,0,0.816326835,7.77E-07
2.5,1.25,0.2,0.819050549,0.000839552
2.5,1.25,0.4,0.827048902,0.003232632
2.5,1.25,0.6,0.839778756,0.006842572
2.5,1.25,0.8,0.856301456,0.011140696
2.5,1.25,1,0.875276974,0.015127076
2.5,1.5,0,0.816326835,7.78E-07
2.5,1.5,0.2,0.821488897,0.001590127
2.5,1.5,0.4,0.836588931,0.006080505
2.5,1.5,0.6,0.860373376,0.012712636
2.5,1.5,0.8,0.890496288,0.019802571
2.5,1.5,1,0.922873169,0.025419544
2.5,1.75,0,0.816326835,7.78E-07
2.5,1.75,0.2,0.823097126,0.002081031
2.5,1.75,0.4,0.842683192,0.007815447
2.5,1.75,0.6,0.872618441,0.0158638
2.5,1.75,0.8,0.908485351,0.022873913
2.5,1.75,1,0.942874317,0.02549155
2.5,2,0,0.816326835,7.77E-07
2.5,2,0.2,0.823243212,0.002118292
2.5,2,0.4,0.842817897,0.007681943
2.5,2,0.6,0.871369232,0.014372644
2.5,2,0.8,0.902116055,0.018631402
2.5,2,1,0.9267379,0.016350035
2.5,2.25,0,0.816326835,7.77E-07
2.5,2.25,0.2,0.821227149,0.00149062
2.5,2.25,0.4,0.8346158,0.005056149
2.5,2.25,0.6,0.852749149,0.008470361
2.5,2.25,0.8,0.869620268,0.009154041
2.5,2.25,1,0.879522571,0.006125625
2.5,2.5,0,0.816326835,7.77E-07
2.5,2.5,0.2,0.816329769,1.62E-05
2.5,2.5,0.4,0.816358075,0.000146673
2.5,2.5,0.6,0.816486013,0.000439961
2.5,2.5,0.8,0.816517269,0.000703095
2.5,2.5,1,0.816325288,2.14E-06
2.5,2.75,0,0.816326835,7.78E-07
2.5,2.75,0.2,0.807861288,0.002515768
2.5,2.75,0.4,0.787464936,0.007490861
2.5,2.75,0.6,0.765891819,0.009814229
2.5,2.75,0.8,0.752657352,0.006737447
2.5,2.75,1,0.752169014,0.005459659
2.5,3,0,0.816326835,7.78E-07
2.5,3,0.2,0.795237582,0.006121993
2.5,3,0.4,0.748702312,0.015936977
2.5,3,0.6,0.706455592,0.017169708
2.5,3,0.8,0.687495958,0.007088197
2.5,3,1,0.697772586,0.018479671
2.75,1,0,0.782221032,1.97E-07
2.75,1,0.2,0.782220693,4.44E-06
2.75,1,0.4,0.782226754,4.76E-05
2.75,1,0.6,0.782235705,0.000150191
2.75,1,0.8,0.78226324,0.000190727
2.75,1,1,0.782335024,0.000240128
2.75,1.25,0,0.782221032,1.97E-07
2.75,1.25,0.2,0.785137306,0.00088854
2.75,1.25,0.4,0.793700625,0.003414869
2.75,1.25,0.6,0.80739208,0.007262649
2.75,1.25,0.8,0.825274357,0.011811599
2.75,1.25,1,0.845754,0.016358858
2.75,1.5,0,0.782221032,1.97E-07
2.75,1.5,0.2,0.787952316,0.00173884
2.75,1.5,0.4,0.804790603,0.006759705
2.75,1.5,0.6,0.831552275,0.014190543
2.75,1.5,0.8,0.865701124,0.022601061
2.75,1.5,1,0.902948473,0.02931757
2.75,1.75,0,0.782221032,1.97E-07
2.75,1.75,0.2,0.790219305,0.002433163
2.75,1.75,0.4,0.813549274,0.009323666
2.75,1.75,0.6,0.84985544,0.019072182
2.75,1.75,0.8,0.893854736,0.028465817
2.75,1.75,1,0.937072886,0.032285171
2.75,2,0,0.782221032,1.97E-07
2.75,2,0.2,0.791398074,0.002774642
2.75,2,0.4,0.817730799,0.010359412
2.75,2,0.6,0.856994643,0.020030961
2.75,2,0.8,0.900515325,0.02675335
2.75,2,1,0.936207225,0.024034751
2.75,2.25,0,0.782221032,1.97E-07
2.75,2.25,0.2,0.790882457,0.002579404
2.75,2.25,0.4,0.815056872,0.009241576
2.75,2.25,0.6,0.848683638,0.016358849
2.75,2.25,0.8,0.881323785,0.018345275
2.75,2.25,1,0.901019674,0.012221819
2.75,2.5,0,0.782221032,1.97E-07
2.75,2.5,0.2,0.788040419,0.001701946
2.75,2.5,0.4,0.803638772,0.005603576
2.75,2.5,0.6,0.823258917,0.008768313
2.75,2.5,0.8,0.838946077,0.008363915
2.75,2.5,1,0.84461137,0.003710952
2.75,2.75,0,0.782221032,1.97E-07
2.75,2.75,0.2,0.782232496,9.00E-05
2.75,2.75,0.4,0.782394855,0.00041864
2.75,2.75,0.6,0.782401781,0.000612097
2.75,2.75,0.8,0.782218936,4.52E-06
2.75,2.75,1,0.782219284,3.00E-06
2.75,3,0,0.782221032,1.97E-07
2.75,3,0.2,0.772891542,0.002826106
2.75,3,0.4,0.751364196,0.007909391
2.75,3,0.6,0.730502972,0.009086377
2.75,3,0.8,0.720709562,0.003679427
2.75,3,1,0.725924441,0.009393913
3,1,0,0.750002116,2.45E-05
3,1,0.2,0.750001954,7.67E-05
3,1,0.4,0.750019493,0.000102645
3,1,0.6,0.750039936,7.50E-05
3,1,0.8,0.750159634,0.000348309
3,1,1,0.750129086,0.0003451
3,1.25,0,0.750002116,2.45E-05
3,1.25,0.2,0.753048186,0.000868742
3,1.25,0.4,0.762026099,0.003528906
3,1.25,0.6,0.776441546,0.007503472
3,1.25,0.8,0.79521162,0.012472253
3,1.25,1,0.81686283,0.017372724
3,1.5,0,0.750002116,2.45E-05
3,1.5,0.2,0.756146373,0.001823495
3,1.5,0.4,0.774282355,0.007177819
3,1.5,0.6,0.803272552,0.015412084
3,1.5,0.8,0.840581932,0.02481293
3,1.5,1,0.881786185,0.032495474
3,1.75,0,0.750002116,2.45E-05
3,1.75,0.2,0.758913467,0.002652689
3,1.75,0.4,0.785112877,0.010420482
3,1.75,0.6,0.826332794,0.021772224
3,1.75,0.8,0.877206341,0.033115663
3,1.75,1,0.928083226,0.038182875
3,2,0,0.750002116,2.45E-05
3,2,0.2,0.76089152,0.003239402
3,2,0.4,0.792523227,0.012481531
3,2,0.6,0.840574482,0.024850526
3,2,0.8,0.895319641,0.033952703
3,2,1,0.940801139,0.03236213
3,2.25,0,0.750002116,2.45E-05
3,2.25,0.2,0.761561162,0.003433487
3,2.25,0.4,0.794369163,0.012662498
3,2.25,0.6,0.841331348,0.023318864
3,2.25,0.8,0.888501782,0.026961065
3,2.25,1,0.917571288,0.018191082
3,2.5,0,0.750002116,2.45E-05
3,2.5,0.2,0.76035629,0.003018014
3,2.5,0.4,0.788680463,0.010533126
3,2.5,0.6,0.825859171,0.017294362
3,2.5,0.8,0.856820765,0.016668935
3,2.5,1,0.868131531,0.007513915
3,2.75,0,0.750002116,2.45E-05
3,2.75,0.2,0.756700559,0.001847714
3,2.75,0.4,0.774087654,0.006011285
3,2.75,0.6,0.794426715,0.00837035
3,2.75,0.8,0.807604991,0.00618117
3,2.75,1,0.807854404,0.005667606
3,3,0,0.750002116,2.45E-05
3,3,0.2,0.750058206,0.000206107
3,3,0.4,0.7501487,0.000471325
3,3,0.6,0.749998535,2.18E-06
3,3,0.8,0.749998394,9.55E-07
3,3,1,0.749999146,1.38E-06
3.25,1,0,0.719728752,7.08E-05
3.25,1,0.2,0.719745992,0.000136511
3.25,1,0.4,0.719794882,0.000214172
3.25,1,0.6,0.719844287,0.000289233
3.25,1,0.8,0.7198597,
3.25,1,1,0.719857563,0.00044376
3.25,1.25,0,0.719728752,7.08E-05
3.25,1.25,0.2,0.722880843,0.000841317
3.25,1.25,0.4,0.732163359,0.003558285
3.25,1.25,0.6,0.747001975,0.007750603
3.25,1.25,0.8,0.766447256,0.012886907
3.25,1.25,1,0.789009679,0.017985501
3.25,1.5,0,0.719728752,7.08E-05
3.25,1.5,0.2,0.726183754,0.001855233
3.25,1.5,0.4,0.745276598,0.00745773
3.25,1.5,0.6,0.775886779,0.016300084
3.25,1.5,0.8,0.815680498,0.026537624
3.25,1.5,1,0.86008066,0.035055823
3.25,1.75,0,0.719728752,7.08E-05
3.25,1.75,0.2,0.729331096,0.002834769
3.25,1.75,0.4,0.757684925,0.011233692
3.25,1.75,0.6,0.802773695,0.02390847
3.25,1.75,0.8,0.859345665,0.036982507
3.25,1.75,1,0.91649003,0.044403117
3.25,2,0,0.719728752,7.08E-05
3.25,2,0.2,0.731941589,0.003558441
3.25,2,0.4,0.767664879,0.014086187
3.25,2,0.6,0.82295955,0.028838503
3.25,2,0.8,0.887194832,0.041296372
3.25,2,1,0.942073565,0.039162704
3.25,2.25,0,0.719728752,7.08E-05
3.25,2.25,0.2,0.7335482,0.004005663
3.25,2.25,0.4,0.773212418,0.015439624
3.25,2.25,0.6,0.831605573,0.029392889
3.25,2.25,0.8,0.891697015,0.036162795
3.25,2.25,1,0.929979284,0.023951354
3.25,2.5,0,0.719728752,7.08E-05
3.25,2.5,0.2,0.733653891,0.003985725
3.25,2.5,0.4,0.772383761,0.01469556
3.25,2.5,0.6,0.825180846,0.02511142
3.25,2.5,0.8,0.870697274,0.02479112
3.25,2.5,1,0.88750993,0.01133171
3.25,2.75,0,0.719728752,7.08E-05
3.25,2.75,0.2,0.731750653,0.003322249
3.25,2.75,0.4,0.763622609,0.011557502
3.25,2.75,0.6,0.802453499,0.01793789
3.25,2.75,0.8,0.829103124,0.012443252
3.25,2.75,1,0.829621848,0.011440152
3.25,3,0,0.719728752,7.08E-05
3.25,3,0.2,0.727304709,0.001911465
3.25,3,0.4,0.746086055,0.006234581
3.25,3,0.6,0.765976253,0.008470781
3.25,3,0.8,0.775792903,0.003881159
3.25,3,1,0.770518246,0.009533726
3.5,1,0,0.691387361,0.000133257
3.5,1,0.2,0.691453919,0.000236394
3.5,1,0.4,0.691499491,0.000352115
3.5,1,0.6,0.691488909,0.000395497
3.5,1,0.8,0.691495122,0.000502416
3.5,1,1,0.691528945,0.000602421
3.5,1.25,0,0.691387361,0.000133257
3.5,1.25,0.2,0.694640796,0.00076054
3.5,1.25,0.4,0.704057002,0.003527387
3.5,1.25,0.6,0.719192893,0.007860144
3.5,1.25,0.8,0.739121856,0.01311877
3.5,1.25,1,0.762120215,0.019096652
3.5,1.5,0,0.691387361,0.000133257
3.5,1.5,0.2,0.698089605,0.001781924
3.5,1.5,0.4,0.717781043,0.007689029
3.5,1.5,0.6,0.749621852,0.016905738
3.5,1.5,0.8,0.791161358,0.02847723
3.5,1.5,1,0.838032386,
3.5,1.75,0,0.691387361,0.000133257
3.5,1.75,0.2,0.701527958,0.002809209
3.5,1.75,0.4,0.731427603,0.011849397
3.5,1.75,0.6,0.779557224,0.025608085
3.5,1.75,0.8,0.840571414,0.041062327
3.5,1.75,1,0.903535044,0.049013534
3.5,2,0,0.691387361,0.000133257
3.5,2,0.2,0.70459498,0.003790111
3.5,2,0.4,0.743450846,0.015401315
3.5,2,0.6,0.804524523,0.032800587
3.5,2,0.8,0.877330993,0.047096051
3.5,2,1,0.940500894,0.045397777
3.5,2.25,0,0.691387361,0.000133257
3.5,2.25,0.2,0.706923345,0.004467656
3.5,2.25,0.4,0.752055154,0.017690049
3.5,2.25,0.6,0.819984111,0.035486435
3.5,2.25,0.8,0.892240882,0.04382978
3.5,2.25,1,0.938920119,0.029454887
3.5,2.5,0,0.691387361,0.000133257
3.5,2.5,0.2,0.708063044,0.00476357
3.5,2.5,0.4,0.755341132,0.018164695
3.5,2.5,0.6,0.82168344,0.033174997
3.5,2.5,0.8,0.881202451,0.032652689
3.5,2.5,1,0.903348825,0.015124495
3.5,2.75,0,0.691387361,0.000133257
3.5,2.75,0.2,0.707542616,0.004542483
3.5,2.75,0.4,0.751652427,0.016362387
3.5,2.75,0.6,0.807639845,0.026318207
3.5,2.75,0.8,0.847270118,0.01874797
3.5,2.75,1,0.848024277,0.017195577
3.5,3,0,0.691387361,0.000133257
3.5,3,0.2,0.704893744,0.003662954
3.5,3,0.4,0.7396526,0.01293201
3.5,3,0.6,0.778764742,0.016863903
3.5,3,0.8,0.798470695,0.007899959
3.5,3,1,0.787933662,0.019044447
3.75,1,0,0.664949154,0.000291448
3.75,1,0.2,0.664953177,0.000333682
3.75,1,0.4,0.664954482,0.00039152
3.75,1,0.6,0.664966872,0.000483471
3.75,1,0.8,0.664992987,0.00059819
3.75,1,1,0.665033562,0.000719717
3.75,1.25,0,0.664949154,0.000291448
3.75,1.25,0.2,0.66816071,0.000665277
3.75,1.25,0.4,0.677663236,0.003498996
3.75,1.25,0.6,0.692999098,0.007851786
3.75,1.25,0.8,0.713058446,0.013890773
3.75,1.25,1,0.736642867,0.019480725
3.75,1.5,0,0.664949154,0.000291448
3.75,1.5,0.2,0.671702718,0.001755063
3.75,1.5,0.4,0.691836186,0.007786824
3.75,1.5,0.6,0.724414579,0.017918437
3.75,1.5,0.8,0.767532357,0.029550569
3.75,1.5,1,0.816415082,0.039774669
3.75,1.75,0,0.664949154,0.000291448
3.75,1.75,0.2,0.675348245,0.002877031
3.75,1.75,0.4,0.706425826,0.012283032
3.75,1.75,0.6,0.756769593,0.027596305
3.75,1.75,0.8,0.821722841,0.043840404
3.75,1.75,1,0.88949346,0.053012966
3.75,2,0,0.664949154,0.000291448
3.75,2,0.2,0.678787155,0.003919472
3.75,2,0.4,0.720098113,0.016385032
3.75,2,0.6,0.785982859,0.035643256
3.75,2,0.8,0.866045142,0.0521873
3.75,2,1,0.93667943,0.051087633
3.75,2.25,0,0.664949154,0.000291448
3.75,2.25,0.2,0.681691862,0.004794208
3.75,2.25,0.4,0.7310619,0.020092801
3.75,2.25,0.6,0.807363672,0.040200022
3.75,2.25,0.8,0.890431992,0.050887711
3.75,2.25,1,0.944962514,0.034678469
3.75,2.5,0,0.664949154,0.000291448
3.75,2.5,0.2,0.683666998,0.005362153
3.75,2.5,0.4,0.737797275,0.021702686
3.75,2.5,0.6,0.816418618,0.039774975
3.75,2.5,0.8,0.8888686,0.040209944
3.75,2.5,1,0.91609526,0.018768226
3.75,2.75,0,0.664949154,0.000291448
3.75,2.75,0.2,0.684298574,0.005501863
3.75,2.75,0.4,0.738473275,0.021217094
3.75,2.75,0.6,0.810284714,0.03422746
3.75,2.75,0.8,0.862469627,0.024983966
3.75,2.75,1,0.863451344,0.022905185
3.75,3,0,0.664949154,0.000291448
3.75,3,0.2,0.683139478,0.00506957
3.75,3,0.4,0.731743397,0.018405946
3.75,3,0.6,0.788808154,0.025073072
3.75,3,0.8,0.818337841,0.011997071
3.75,3,1,0.802622431,0.028468375
4,1,0,0.640125209,0.000350936
4,1,0.2,0.64012682,0.000411753
4,1,0.4,0.640143908,0.000509277
4,1,0.6,0.640173308,0.000606475
4,1,0.8,0.639999269,1.92E-06
4,1,1,0.640000831,1.78E-06
4,1.25,0,0.640125209,0.000350936
4,1.25,0.2,0.643359986,0.000599753
4,1.25,0.4,0.652914342,0.003395282
4,1.25,0.6,0.668182537,0.008423196
4,1.25,0.8,0.688562665,0.014021124
4,1.25,1,0.71241629,0.019715986
4,1.5,0,0.640125209,0.000350936
4,1.5,0.2,0.646978174,0.001706311
4,1.5,0.4,0.667400469,0.00784214
4,1.5,0.6,0.700571057,0.018301675
4,1.5,0.8,0.744756594,0.030355959
4,1.5,1,0.795226048,0.041167307
4,1.75,0,0.640125209,0.000350936
4,1.75,0.2,0.650779655,0.002875727
4,1.75,0.4,0.682572665,0.013126174
4,1.75,0.6,0.7348248,0.028661954
4,1.75,0.8,0.802880068,0.046144728
4,1.75,1,0.874731218,0.056455085
4,2,0,0.640125209,0.000350936
4,2,0.2,0.654509957,0.004021163
4,2,0.4,0.697539038,0.017752995
4,2,0.6,0.767465252,0.037998174
4,2,0.8,0.853762005,0.056656778
4,2,1,0.931078266,0.056254547
4,2.25,0,0.640125209,0.000350936
4,2.25,0.2,0.657872221,0.005031153
4,2.25,0.4,0.710692919,0.021666446
4,2.25,0.6,0.793958215,0.044288925
4,2.25,0.8,0.886738953,0.057369039
4,2.25,1,0.948572908,0.039584182
4,2.5,0,0.640125209,0.000350936
4,2.5,0.2,0.660521417,0.005818559
4,2.5,0.4,0.720345492,0.02421581
4,2.5,0.6,0.809600828,0.045727225
4,2.5,0.8,0.894103729,0.047396302
4,2.5,1,0.926212548,0.022431857
4,2.75,0,0.640125209,0.000350936
4,2.75,0.2,0.662082507,0.006231469
4,2.75,0.4,0.724810212,0.024880186
4,2.75,0.6,0.810833285,0.041645605
4,2.75,0.8,0.875104315,0.031127013
4,2.75,1,0.876282701,0.028499674
4,3,0,0.640125209,0.000350936
4,3,0.2,0.662165345,0.006175056
4,3,0.4,0.722617766,0.023273801
4,3,0.6,0.796489749,0.033035661
4,3,0.8,0.835694432,0.016101983
4,3,1,0.814892162,0.037649833
4.25,1,0,0.616913936,0.000425073
4.25,1,0.2,0.616930424,0.000514578
4.25,1,0.4,0.616963197,0.00063581
4.25,1,0.6,0.616778801,1.51E-06
4.25,1,0.8,0.61678078,6.48E-06
4.25,1,1,0.616783343,8.68E-06
4.25,1.25,0,0.616913936,0.000425072
4.25,1.25,0.2,0.62015372,0.000524005
4.25,1.25,0.4,0.629728454,0.003314755
4.25,1.25,0.6,0.64498813,0.008448882
4.25,1.25,0.8,0.665438569,0.01408619
4.25,1.25,1,0.68945245,0.019870285
4.25,1.5,0,0.616913936,0.000425072
4.25,1.5,0.2,0.62382019,0.001629412
4.25,1.5,0.4,0.644238905,0.008447376
4.25,1.5,0.6,0.677942292,0.01854598
4.25,1.5,0.8,0.722895912,0.030957792
4.25,1.5,1,0.774587523,0.042269979
4.25,1.75,0,0.616913936,0.000425073
4.25,1.75,0.2,0.627734807,0.002825406
4.25,1.75,0.4,0.660089389,0.013407691
4.25,1.75,0.6,0.713696033,0.029511166
4.25,1.75,0.8,0.78423578,0.04803778
4.25,1.75,1,0.859547085,0.059427308
4.25,2,0,0.616913936,0.000425073
4.25,2,0.2,0.631685851,0.00405203
4.25,2,0.4,0.676090129,0.018409717
4.25,2,0.6,0.749157528,
4.25,2,0.8,0.840793826,0.060552459
4.25,2,1,0.924073164,0.06090274
4.25,2.25,0,0.616913936,
4.25,2.25,0.2,0.635408432,0.005186929
4.25,2.25,0.4,0.690918219,0.022899702
4.25,2.25,0.6,0.780062513,0.04782438
4.25,2.25,0.8,0.881526949,0.063281229
4.25,2.25,1,0.950130016,0.04419662
4.25,2.5,0,0.616913936,0.000425073
4.25,2.5,0.2,0.638602088,0.006148711
4.25,2.5,0.4,0.703033232,0.026305217
4.25,2.5,0.6,0.801601579,0.051087484
4.25,2.5,0.8,0.897298618,0.05421738
4.25,2.5,1,0.933976272,0.025924104
4.25,2.75,0,0.616913936,0.000425073
4.25,2.75,0.2,0.640767122,0.007395586
4.25,2.75,0.4,0.710779568,0.028031023
4.25,2.75,0.6,0.809645908,0.048556108
4.25,2.75,0.8,0.885461387,0.037079282
4.25,2.75,1,0.886850324,0.034005095
4.25,3,0,0.616913936,0.000425073
4.25,3,0.2,0.641857853,0.007687236
4.25,3,0.4,0.712607729,0.027585398
4.25,3,0.6,0.802141208,0.040714756
4.25,3,0.8,0.850785697,0.020243945
4.25,3,1,0.825166704,0.046641333
4.5,1,0,0.595199531,0.000526224
4.5,1,0.2,0.595217343,0.000625671
4.5,1,0.4,0.595041509,2.24E-06
4.5,1,0.6,0.595040019,3.35E-06
4.5,1,0.8,0.595037938,3.11E-06
4.5,1,1,0.595035408,1.04E-05
4.5,1.25,0,0.595199531,0.000526224
4.5,1.25,0.2,0.598436402,0.000448285
4.5,1.25,0.4,0.607765991,0.003885654
4.5,1.25,0.6,0.623168768,0.008438004
4.5,1.25,0.8,0.64362424,0.014102035
4.5,1.25,1,0.667687647,0.019929282
4.5,1.5,0,0.595199531,0.000526224
4.5,1.5,0.2,0.602115292,0.001542351
4.5,1.5,0.4,0.62256591,0.008479188
4.5,1.5,0.6,0.656487499,0.018693412
4.5,1.5,0.8,0.701967147,0.03138258
4.5,1.5,1,0.754584119,0.043113701
4.5,1.75,0,0.595199531,0.000526224
4.5,1.75,0.2,0.605932142,0.003372474
4.5,1.75,0.4,0.638809738,0.013577189
4.5,1.75,0.6,0.693395808,0.030143904
4.5,1.75,0.8,0.765916026,0.049566924
4.5,1.75,1,0.844142481,0.061945187
4.5,2,0,0.595199531,0.000526224
4.5,2,0.2,0.610048385,0.004654115
4.5,2,0.4,0.655616742,0.018861533
4.5,2,0.6,0.731203193,
4.5,2,0.8,0.827388416,0.063944027
4.5,2,1,0.915989207,0.065127916
4.5,2.25,0,0.595199531,0.000526224
4.5,2.25,0.2,0.614055377,0.005902205
4.5,2.25,0.4,0.671824772,0.023911091
4.5,2.25,0.6,0.765893261,0.050859078
4.5,2.25,0.8,0.875142325,0.068687406
4.5,2.25,1,0.949964457,0.048419915
4.5,2.5,0,0.595199531,0.000526224
4.5,2.5,0.2,0.617685366,0.007026547
4.5,2.5,0.4,0.686013069,0.028063187
4.5,2.5,0.6,0.792693577,0.055889324
4.5,2.5,0.8,0.898758764,0.060638344
4.5,2.5,1,0.939778292,0.029117368
4.5,2.75,0,0.595199531,0.000526224
4.5,2.75,0.2,0.620633817,0.007924042
4.5,2.75,0.4,0.696589374,0.030733244
4.5,2.75,0.6,0.807030847,0.054977514
4.5,2.75,0.8,0.893814803,0.04288139
4.5,2.75,1,0.895289683,0.039529569
4.5,3,0,0.595199531,0.000526224
4.5,3,0.2,0.622570249,0.008485303
4.5,3,0.4,0.701973258,0.031391753
4.5,3,0.6,0.806047818,0.04808135
4.5,3,0.8,0.863889099,0.024372231
4.5,3,1,0.833525547,0.055349179
4.75,1,0,0.574853512,0.000645294
4.75,1,0.2,0.574668361,6.21E-07
4.75,1,0.4,0.574666424,2.08E-06
4.75,1,0.6,0.574667195,7.07E-06
4.75,1,0.8,0.574665797,5.44E-06
4.75,1,1,0.574666717,3.02E-06
4.75,1.25,0,0.574853512,0.000645294
4.75,1.25,0.2,0.577857792,0.000982313
4.75,1.25,0.4,0.58731239,0.00386285
4.75,1.25,0.6,0.602633932,0.008396978
4.75,1.25,0.8,0.623024846,0.014060379
4.75,1.25,1,0.647071534,0.019923942
4.75,1.5,0,0.574853512,0.000645294
4.75,1.5,0.2,0.581545449,0.002124347
4.75,1.5,0.4,0.602159043,0.008478426
4.75,1.5,0.6,0.636161368,0.018765237
4.75,1.5,0.8,0.681976331,0.031680292
4.75,1.5,1,0.735244744,0.043722827
4.75,1.75,0,0.574853512,0.000645294
4.75,1.75,0.2,0.585594343,0.003384005
4.75,1.75,0.4,0.618680008,0.013686515
4.75,1.75,0.6,0.67395486,0.030612494
4.75,1.75,0.8,0.748008974,0.050776042
4.75,1.75,1,0.828688207,0.064083621
4.75,2,0,0.574853512,0.000645294
4.75,2,0.2,0.589834163,0.00470672
4.75,2,0.4,0.636119562,0.019293251
4.75,2,0.6,0.713668166,0.042808436
4.75,2,0.8,0.813712994,0.066858751
4.75,2,1,0.907044397,0.068891017
4.75,2.25,0,0.574853512,0.000645294
4.75,2.25,0.2,0.594064335,0.00602908
4.75,2.25,0.4,0.653446123,0.024702687
4.75,2.25,0.6,0.751626437,0.053464768
4.75,2.25,0.8,0.867790004,0.073553828
4.75,2.25,1,0.948372449,0.052385736
4.75,2.5,0,0.574853512,0.000645294
4.75,2.5,0.2,0.598043933,0.007267311
4.75,2.5,0.4,0.669379121,0.029552668
4.75,2.5,0.6,0.783111929,0.060180555
4.75,2.5,0.8,0.898734752,0.0666249
4.75,2.5,1,0.943699494,0.031669461
4.75,2.75,0,0.574853512,0.000645294
4.75,2.75,0.2,0.601505419,0.008334529
4.75,2.75,0.4,0.6824021,0.03302857
4.75,2.75,0.6,0.803239209,0.060930914
4.75,2.75,0.8,0.900520375,0.048605153
4.75,2.75,1,0.902366646,0.045023556
4.75,3,0,0.574853512,0.000645294
4.75,3,0.2,0.604139473,0.009114044
4.75,3,0.4,0.690916439,0.034735762
4.75,3,0.6,0.808416902,0.055097693
4.75,3,0.8,0.875161497,0.028518983
4.75,3,1,0.840289421,0.063647337
5,1,0,0.55555556,6.99E-07
5,1,0.2,0.555552622,2.24E-06
5,1,0.4,0.555547573,5.81E-06
5,1,0.6,0.55547696,0.000216499
5,1,0.8,0.555545891,1.41E-05
5,1,1,0.555548343,5.23E-06
5,1.25,0,0.55555556,6.99E-07
5,1.25,0.2,0.558712934,0.000971715
5,1.25,0.4,0.568096878,0.003833682
5,1.25,0.6,0.583301145,0.00833813
5,1.25,0.8,0.603572088,0.01398536
5,1.25,1,0.627534817,0.019855874
5,1.5,0,0.55555556,6.99E-07
5,1.5,0.2,0.562393971,0.002112334
5,1.5,0.4,0.582932096,0.00845295
5,1.5,0.6,0.616902628,0.01877037
5,1.5,0.8,0.662872787,0.031821362
5,1.5,1,0.716619808,0.044184792
5,1.75,0,0.55555556,6.99E-07
5,1.75,0.2,0.566475269,0.003383554
5,1.75,0.4,0.599635461,0.013737816
5,1.75,0.6,0.655359874,0.030944283
5,1.75,0.8,0.730611203,0.051758644
5,1.75,1,0.813302714,0.065896661
5,2,0,0.55555556,6.99E-07
5,2,0.2,0.570805272,0.004736952
5,2,0.4,0.617546835,0.019581385
5,2,0.6,0.696635736,0.043832537
5,2,0.8,0.799953242,0.069395233
5,2,1,0.897441286,0.072231536
5,2.25,0,0.55555556,6.99E-07
5,2.25,0.2,0.575207765,0.006116926
5,2.25,0.4,0.635784781,0.025370783
5,2.25,0.6,0.737385292,0.055682635
5,2.25,0.8,0.859639687,0.077831114
5,2.25,1,0.945584411,0.056005747
5,2.5,0,0.55555556,6.99E-07
5,2.5,0.2,0.579467919,0.007448114
5,2.5,0.4,0.653173743,0.030749299
5,2.5,0.6,0.773041979,0.063994702
5,2.5,0.8,0.897478323,0.072259751
5,2.5,1,0.94637586,0.034265931
5,2.75,0,0.55555556,6.99E-07
5,2.75,0.2,0.583347773,0.008652861
5,2.75,0.4,0.66834625,0.03494196
5,2.75,0.6,0.798479012,
5,2.75,0.8,0.905553852,0.053666146
5,2.75,1,0.908635643,0.051368377
5,3,0,0.55555556,6.99E-07
5,3,0.2,0.586567496,0.009628977
5,3,0.4,0.679598909,0.037670348
5,3,0.6,0.809502153,0.061760915
5,3,0.8,0.884771551,0.032626541
5,3,1,0.845690091,0.07164273
1,3.25,0,0.999999424,2.02E-06
1,3.25,0.2,0.753270187,0.055287833
1,3.25,0.4,0.480501758,0.062284522
1,3.25,0.6,0.357186195,0.036009511
1,3.25,0.8,0.330716263,0.013711443
1,3.25,1,0.391596041,0.08122025
1.25,3.25,0,0.987770466,6.73E-05
1.25,3.25,0.2,0.794027123,0.046503099
1.25,3.25,0.4,0.546364222,0.060583347
1.25,3.25,0.6,0.421964635,0.037638195
1.25,3.25,0.8,0.394197282,0.0146783
1.25,3.25,1,0.456347733,0.081770135
1.5,3.25,0,0.960262193,0.000140003
1.5,3.25,0.2,0.812413408,0.037781974
1.5,3.25,0.4,0.59743947,0.055721086
1.5,3.25,0.6,0.478951234,0.037190672
1.5,3.25,0.8,0.451790526,0.014559912
1.5,3.25,1,0.510983996,0.078051969
1.75,3.25,0,0.926168254,0.000268068
1.75,3.25,0.2,0.816675745,0.029925239
1.75,3.25,0.4,0.636455631,0.048887089
1.75,3.25,0.6,0.528832382,0.034960294
1.75,3.25,0.8,0.503249062,0.013949989
1.75,3.25,1,0.557621106,0.071006769
2,3.25,0,0.889955599,0.000470766
2,3.25,0.2,0.806995027,0.021852768
2,3.25,0.4,0.665695735,0.040942012
2,3.25,0.6,0.572559183,0.031297206
2,3.25,0.8,0.549664409,0.012686023
2,3.25,1,0.597172433,0.061476225
2.25,3.25,0,0.854026772,0.000772749
2.25,3.25,0.2,0.794377875,0.015803515
2.25,3.25,0.4,0.687034079,0.032580863
2.25,3.25,0.6,0.610772851,0.026603435
2.25,3.25,0.8,0.591433993,0.010909923
2.25,3.25,1,0.630554689,0.050500446
2.5,3.25,0,0.816326835,7.78E-07
2.5,3.25,0.2,0.778060004,
2.5,3.25,0.4,0.70207842,0.02425323
2.5,3.25,0.6,0.644082789,0.02099529
2.5,3.25,0.8,0.628666979,0.008760173
2.5,3.25,1,0.658830378,0.038510353
2.75,3.25,0,0.782221032,1.97E-07
2.75,3.25,0.2,0.759568183,0.006572566
2.75,3.25,0.4,0.711880115,0.015940135
2.75,3.25,0.6,0.673088736,0.014759484
2.75,3.25,0.8,0.66237183,0.006127364
2.75,3.25,1,0.682722239,0.025858637
3,3.25,0,0.750002116,2.45E-05
3,3.25,0.2,0.739969362,0.003171683
3,3.25,0.4,0.717543657,0.008032155
3,3.25,0.6,0.697996674,0.007179903
3,3.25,0.8,0.692615017,0.003187313
3,3.25,1,0.702842693,0.012948123
3.25,3.25,0,0.719728752,7.08E-05
3.25,3.25,0.2,0.719870683,0.000354365
3.25,3.25,0.4,0.71990477,0.00065185
3.25,3.25,0.6,0.71972178,1.48E-06
3.25,3.25,0.8,0.719722264,2.73E-06
3.25,3.25,1,0.719721872,1.01E-06
3.5,3.25,0,0.691387361,0.000133257
3.5,3.25,0.2,0.699674807,0.002041484
3.5,3.25,0.4,0.719402498,0.007009195
3.5,3.25,0.6,0.738446126,0.007368052
3.5,3.25,0.8,0.743985493,0.0033883
3.5,3.25,1,0.733790314,0.012787022
3.75,3.25,0,0.664949154,0.000291448
3.75,3.25,0.2,0.679771271,0.003962569
3.75,3.25,0.4,0.716959674,0.013474956
3.75,3.25,0.6,0.754510963,0.014828596
3.75,3.25,0.8,0.765674312,0.006907696
3.75,3.25,1,0.745442312,0.025339702
4,3.25,0,0.640125209,0.000350936
4,3.25,0.2,0.660353181,0.005513367
4,3.25,0.4,0.712834244,0.019404496
4,3.25,0.6,0.768225936,0.02229667
4,3.25,0.8,0.784997778,0.010515368
4,3.25,1,0.754996353,0.037537655
4.25,3.25,0,0.616913936,0.000425072
4.25,3.25,0.2,0.641343863,0.007461215
4.25,3.25,0.4,0.70737158,0.024806312
4.25,3.25,0.6,0.77982877,0.029688188
4.25,3.25,0.8,0.802202734,0.014199152
4.25,3.25,1,0.76282048,0.049286876
4.5,3.25,0,0.595199531,0.000526224
4.5,3.25,0.2,0.623146673,0.008593137
4.5,3.25,0.4,0.700865143,0.029709148
4.5,3.25,0.6,0.789579761,0.036980561
4.5,3.25,0.8,0.817451765,0.01790589
4.5,3.25,1,0.768996558,0.06059167
4.75,3.25,0,0.574853512,0.000645294
4.75,3.25,0.2,0.605641476,0.00952272
4.75,3.25,0.4,0.69353927,0.034131044
4.75,3.25,0.6,0.797675513,0.044111405
4.75,3.25,0.8,0.831040813,0.021872946
4.75,3.25,1,0.773769518,0.071561456
5,3.25,0,0.55555556,6.99E-07
5,3.25,0.2,0.588845891,0.010290959
5,3.25,0.4,0.685595038,0.038125896
5,3.25,0.6,0.804338293,0.051020264
5,3.25,0.8,0.842995274,0.025552747
5,3.25,1,0.777421371,0.081830107
1,3.5,0,0.999999424,2.02E-06
1,3.5,0.2,0.690806864,0.062885428
1,3.5,0.4,0.410458124,0.057929838
1,3.5,0.6,0.305207877,0.027250075
1,3.5,0.8,0.30068179,0.024600582
1,3.5,1,0.405663927,0.127461493
1.25,3.5,0,0.987770466,6.73E-05
1.25,3.5,0.2,0.739210721,0.0551232
1.25,3.5,0.4,0.474270814,0.058692712
1.25,3.5,0.6,0.364373152,0.029362251
1.25,3.5,0.8,0.359568388,0.026396321
1.25,3.5,1,0.465648758,0.126347449
1.5,3.5,0,0.960262193,0.000140003
1.5,3.5,0.2,0.765476304,0.046410074
1.5,3.5,0.4,0.52642877,0.056312211
1.5,3.5,0.6,0.417783485,0.029971948
1.5,3.5,0.8,0.412826926,0.027037843
1.5,3.5,1,0.514774251,0.119272652
1.75,3.5,0,0.926168254,0.000268068
1.75,3.5,0.2,0.777299195,0.038084404
1.75,3.5,0.4,0.568671603,0.051681816
1.75,3.5,0.6,0.466019072,0.029312835
1.75,3.5,0.8,0.461133511,0.026320294
1.75,3.5,1,0.555137261,0.108243931
2,3.5,0,0.8899556,0.000470766
2,3.5,0.2,0.774163069,0.029155358
2,3.5,0.4,0.602518776,0.045598747
2,3.5,0.6,0.509427778,0.027456751
2,3.5,0.8,0.504852079,0.024575541
2,3.5,1,0.588260118,0.094684993
2.25,3.5,0,0.854026772,0.000772749
2.25,3.5,0.2,0.767433846,0.022234508
2.25,3.5,0.4,0.629326925,0.038570937
2.25,3.5,0.6,0.548510224,0.024661583
2.25,3.5,0.8,0.544380005,0.021932249
2.25,3.5,1,0.615240889,0.079456067
2.5,3.5,0,0.816326835,7.77E-07
2.5,3.5,0.2,0.756173488,0.01628393
2.5,3.5,0.4,0.65027549,0.031078281
2.5,3.5,0.6,0.583654298,0.021033233
2.5,3.5,0.8,0.580132423,0.018529354
2.5,3.5,1,0.637492708,0.063462731
2.75,3.5,0,0.782221032,1.97E-07
2.75,3.5,0.2,0.74200527,0.011234735
2.75,3.5,0.4,0.666158388,0.023336159
2.75,3.5,0.6,0.615014094,0.016062674
2.75,3.5,0.8,0.612374067,0.014551378
2.75,3.5,1,0.655500877,0.04735562
4.25,3.5,0,0.616791908,7.54E-06
4.25,3.5,0.2,0.966400002,0.075558826
4.25,3.5,0.6,0.745849884,0.018305642
4.5,3.5,0,0.595047751,4.12E-06
4.5,3.5,0.2,0.607107754,0.007187722
4.5,3.5,0.6,0.730404552,0.028312828
4.5,3.5,1,0.77085058,0.008911244
4.75,3.5,0.8,0.777826224,0.028016334
1,3.75,0.2,0.627279468,0.068423067
1,3.75,1,0.446759831,0.189854189
1.25,3.75,0.4,0.410228936,0.054389701
1.25,3.75,0.8,0.338690474,0.044999454
2,3.75,0.4,0.540795719,0.047361229
2,3.75,0.6,0.454878854,0.02144582
2.25,3.75,0.6,0.579211041,0.012062805
2.5,3.75,1,0.632967654,0.090609362
3,3.75,0.8,0.600094584,0.022097119
3,3.75,1,0.652424324,0.051943279
3.75,3.75,1,0.664751633,0.000163099
4,3.75,0.8,0.670123741,0.006760795
2,4,0.4,0.482819295,0.046583876
2,4,0.6,0.409426782,0.015115872
2,4,0.8,0.457768962,0.066276476
2,4,1,0.624084875,0.163910039
2.25,4,0,0.854026772,0.000772749
2.25,4,0.2,0.699776368,0.035870853
2.25,4,0.4,0.514910137,0.042940196
2.25,4,0.6,0.446211,0.014590046
2.25,4,0.8,0.490977483,0.061120161
2.25,4,1,0.634761322,0.138954183
2.5,4,0,0.816326835,7.77E-07
2.5,4,0.2,0.699059315,0.028804387
2.5,4,0.4,0.542599266,0.038307344
2.5,4,0.6,0.480435843,0.013692627
2.5,4,0.8,0.520505829,0.054538416
2.5,4,1,0.641646903,0.115047234
2.75,4,0,0.782221032,1.97E-07
2.75,4,0.2,0.694250818,0.022482613
2.75,4,0.4,0.566331441,0.032903872
2.75,4,0.6,0.511990585,0.011722999
2.75,4,0.8,0.546750231,0.046828017
2.75,4,1,0.645643357,0.092433955
3,4,0,0.750002116,2.45E-05
3,4,0.2,0.686550717,0.016865613
3,4,0.4,0.586613124,0.027012532
3,4,0.6,0.541528815,0.009922433
3,4,0.8,0.570082719,0.038307006
3,4,1,0.647384229,0.071227527
3.25,4,0,0.719728752,7.08E-05
3.25,4,0.2,0.676675281,0.012006306
3.25,4,0.4,0.603608712,0.020041248
3.25,4,0.6,0.568965902,0.007817007
3.25,4,0.8,0.590811237,0.029198294
3.25,4,1,0.647476636,0.050569533
3.5,4,0,0.691387361,0.000133257
3.5,4,0.2,0.665327559,0.007650739
3.5,4,0.4,0.61804794,0.013431904
3.5,4,0.6,0.594435668,0.005438152
3.5,4,0.8,0.609202206,0.019701927
3.5,4,1,0.64600158,0.032018624
3.75,4,0,0.664949154,0.000291448
3.75,4,0.2,0.653062461,0.003908049
3.75,4,0.4,0.630082067,0.006723189
3.75,4,0.6,0.618072873,0.002821287
3.75,4,0.8,0.625515564,0.009925744
3.75,4,1,0.643405504,0.015836907
4,4,0,0.640125209,0.000350936
4,4,0.2,0.64000005,6.70E-07
4,4,0.4,0.63999526,1.09E-05
4,4,0.6,0.639997982,3.33E-06
4,4,0.8,0.639958568,0.0001047
4,4,1,0.640594355,0.001068815
4.25,4,0,0.616913936,0.000425073
4.25,4,0.2,0.626792416,0.002883648
4.25,4,0.4,0.648039088,0.006647699
4.25,4,0.6,0.660309381,0.002970661
4.25,4,0.8,0.652876601,0.00998347
4.25,4,1,0.635884215,0.014647091
4.5,4,0,0.595199531,0.000526224
4.5,4,0.2,0.613467489,0.005385315
4.5,4,0.4,0.654436667,0.01318635
4.5,4,0.6,0.679125401,0.006089843
4.5,4,0.8,0.664018757,0.019844642
4.5,4,1,0.631245668,0.028218604
4.75,4,0,0.574853512,0.000645294
4.75,4,0.2,0.60016517,0.007543141
4.75,4,0.6,0.696535077,0.009311434
4.75,4,0.8,0.674091666,0.029694771
4.75,4,1,0.625770741,0.04024815
5,4,0,0.55555556,6.99E-07
5,4,0.2,0.586985467,0.009398886
5,4,0.4,0.663024831,0.025733637
5,4,0.6,0.712702887,0.012786137
5,4,0.8,0.682873054,0.03945971
5,4,1,0.620739143,0.052365698
1,4.25,0,0.999999424,2.02E-06
1,4.25,0.2,0.504574536,0.072144689
1,4.25,0.4,0.257241174,0.038456481
1,4.25,0.6,0.209426623,0.009459745
1,4.25,0.8,0.28753421,0.095744256
1,4.25,1,0.570919608,0.284948767
1.25,4.25,0,0.987770466,6.73E-05
1.25,4.25,0.2,0.56296282,0.069564129
1.25,4.25,0.4,0.307579803,0.042403954
1.25,4.25,0.6,0.253971493,0.010754004
1.25,4.25,0.8,0.338557554,0.101693134
1.25,4.25,1,0.607721685,0.263243791
1.5,4.25,0,0.960262193,0.000140003
1.5,4.25,0.2,0.604334563,0.064101757
1.5,4.25,0.4,0.352905676,0.044478172
1.5,4.25,0.6,0.296036322,0.011671954
1.5,4.25,0.8,0.3830301,0.102900742
1.5,4.25,1,0.631109698,0.236472559
1.75,4.25,0,0.926168254,0.000268068
1.75,4.25,0.2,0.632486209,0.057162293
1.75,4.25,0.4,0.393591762,0.044892737
1.75,4.25,0.6,0.335737285,0.012175217
1.75,4.25,0.8,0.421732397,0.100423366
1.75,4.25,1,0.644970354,0.208564153
2,4.25,0,0.889955599,0.000470766
2,4.25,0.2,0.650447674,0.049678291
2,4.25,0.4,0.429997666,0.043846088
2,4.25,0.6,0.372809908,0.012313511
2,4.25,0.8,0.455525454,0.094962311
2,4.25,1,0.652738318,0.18075305
2.25,4.25,0,0.854026772,0.000772749
2.25,4.25,0.2,0.66063582,0.042178792
2.25,4.25,0.4,0.462478079,0.041630375
2.25,4.25,0.6,0.407609157,0.012105011
2.25,4.25,0.8,0.484773951,0.087614703
2.25,4.25,1,0.656065719,0.154086792
2.5,4.25,0,0.816326835,7.78E-07
2.5,4.25,0.2,0.664903818,0.035043556
2.5,4.25,0.4,0.491360961,0.038459246
2.5,4.25,0.6,0.440216517,0.011599082
2.5,4.25,0.8,0.51030971,0.078732429
2.5,4.25,1,0.656154781,0.128977902
2.75,4.25,0,0.782221032,1.97E-07
2.75,4.25,0.2,0.66472514,0.028420424
2.75,4.25,0.4,0.51694971,0.034461925
2.75,4.25,0.6,0.470488471,0.01059061
2.75,4.25,0.8,0.532553618,0.068671858
2.75,4.25,1,0.653918843,0.105733701
3,4.25,0,0.750002116,2.45E-05
3,4.25,0.2,0.661275686,0.022491643
3,4.25,0.4,0.539412929,0.029240276
3,4.25,0.6,0.49909738,0.009399931
3,4.25,0.8,0.551919256,0.057850193
3,4.25,1,0.649975629,0.084155599
3.25,4.25,0,0.719728752,7.08E-05
3.25,4.25,0.2,0.655167429,0.017044748
3.25,4.25,0.4,0.559304477,0.023952274
3.25,4.25,0.6,0.525878593,0.007957515
3.25,4.25,0.8,0.568776776,0.046535548
3.25,4.25,1,0.644769575,0.064230339
3.5,4.25,0,0.691387361,0.000133257
3.5,4.25,0.2,0.647232061,0.012166967
3.5,4.25,0.4,0.576760357,0.01828422
3.5,4.25,0.6,0.550937975,0.006266755
3.5,4.25,0.8,0.583445355,0.034958561
3.5,4.25,1,0.638655277,0.045518831
3.75,4.25,0,0.664949154,0.000291448
3.75,4.25,0.2,0.63800288,0.007912071
3.75,4.25,0.4,0.592014463,0.012343043
3.75,4.25,0.6,0.574383118,0.004368447
3.75,4.25,0.8,0.596143751,0.023252975
3.75,4.25,1,0.63178614,0.029418435
4,4.25,0,0.640125209,0.000350936
4,4.25,0.2,0.627605573,0.003416775
4,4.25,0.4,0.605289004,0.006226835
4,4.25,0.6,0.596291895,0.002293356
4,4.25,0.8,0.607161385,0.011567101
4,4.25,1,0.624505915,0.013962808
4.25,4.25,0,0.616913936,0.000425073
4.25,4.25,0.2,0.616779785,1.20E-06
4.25,4.25,0.4,0.616776182,1.01E-05
4.25,4.25,0.6,0.616762665,5.05E-05
4.25,4.25,0.8,0.616681597,0.000226481
4.25,4.25,1,0.61677551,1.37E-05
4.5,4.25,0,0.595199531,0.000526224
4.5,4.25,0.2,0.605548545,0.002994486
4.5,4.25,0.4,0.626656353,0.00625718
4.5,4.25,0.6,0.635879062,0.002358986
4.5,4.25,0.8,0.625056767,0.011434863
4.5,4.25,1,0.60886374,0.012814504
4.75,4.25,0,0.574853512,0.000645294
4.75,4.25,0.2,0.594103839,0.005627899
4.75,4.25,0.4,0.635084866,0.012499211
4.75,4.25,0.6,0.6537691,0.004963975
4.75,4.25,0.8,0.632096183,0.022519011
4.75,4.25,1,0.600793868,0.024534042
5,4.25,0,0.55555556,6.99E-07
5,4.25,0.2,0.582566581,0.007926508
5,4.25,0.4,0.642194565,0.01868403
5,4.25,0.6,0.670333872,0.007495854
5,4.25,0.8,0.638117482,0.033389936
3.5,4.5,0.8,0.568501082,0.051416046
3.5,4.5,1,0.635335805,0.052650431
3.75,4.5,0,0.664949154,0.000291448
3.75,4.5,0.2,0.619894708,0.012357083
3.75,4.5,0.4,0.552504057,0.016384126
3.75,4.5,0.6,0.535654769,0.008322403
3.75,4.5,0.8,0.576897953,0.03869128
3.75,4.5,1,0.625577754,0.037541725
4,4.5,0,0.640125209,0.000350936
4,4.5,0.2,0.612298532,0.007358659
4,4.5,0.4,0.568261388,0.011128883
4,4.5,0.6,0.556735921,0.005776766
4,4.5,0.8,0.584789261,0.024161244
4,4.5,1,0.615517001,0.023823264
4.25,4.5,0,0.616913936,0.000425073
4.25,4.5,0.2,0.604000671,0.003472386
4.25,4.5,0.4,0.582393497,0.005651097
4.25,4.5,0.6,0.576494859,0.003023531
4.25,4.5,0.8,0.590592674,0.011893828
4.25,4.5,1,0.605305707,0.011339574
4.5,4.5,0,0.595199531,0.000526224
4.5,4.5,0.2,0.595037235,2.88E-06
4.5,4.5,0.4,0.595036517,4.19E-06
4.5,4.5,0.6,0.595005799,8.61E-05
4.5,4.5,0.8,0.595257783,0.000373343
4.5,4.5,1,0.595038911,7.03E-05
4.75,4.5,0,0.574853512,0.000645294
4.75,4.5,0.2,0.585619714,0.003085452
4.75,4.5,0.4,0.606307623,0.005753968
4.75,4.5,0.6,0.612706666,0.003257306
4.75,4.5,0.8,0.598962073,0.012089422
4.75,4.5,1,0.58479781,0.010271588
5,4.5,0,0.55555556,6.99E-07
5,4.5,0.2,0.575904886,0.005834004
5,4.5,0.4,0.616327125,0.011563675
5,4.5,0.6,0.628554436,0.006334027
5,4.5,0.8,0.602054144,0.023717107
5,4.5,1,0.574633682,0.019625545
1,4.75,0,0.999999424,2.02E-06
1,4.75,0.2,0.397201188,0.067890807
1,4.75,0.4,0.193755082,0.026380527
1,4.75,0.6,0.179926657,0.020522793
1,4.75,0.8,0.35905898,0.204423613
1,4.75,1,0.59169421,0.255548781
1.25,4.75,0,0.987770466,6.73E-05
1.25,4.75,0.2,0.454338831,0.069255796
1.25,4.75,0.4,0.234930494,0.030209467
1.25,4.75,0.6,0.218985418,0.02353776
1.25,4.75,0.8,0.404869212,0.203394871
1.25,4.75,1,0.629776049,
1.5,4.75,0,0.960262193,0.000140003
1.5,4.75,0.2,0.498927394,0.067368769
1.5,4.75,0.4,0.273207657,0.032818177
1.5,4.75,0.6,0.255884193,0.025623238
1.5,4.75,0.8,0.441227486,0.195380546
1.5,4.75,1,0.652329667,0.21271094
1.75,4.75,0,0.926168254,0.000268068
1.75,4.75,0.2,0.533036161,0.063328542
1.75,4.75,0.4,0.30866949,0.034219877
1.75,4.75,0.6,0.290556167,0.027121822
1.75,4.75,0.8,0.470461198,0.182926927
1.75,4.75,1,0.6643569,0.188270348
2,4.75,0,0.8899556,0.000470766
2,4.75,0.2,0.558494936,0.057950079
2,4.75,0.4,0.341787195,0.034953897
2,4.75,0.6,0.32326238,0.027749567
2,4.75,0.8,0.493453459,0.168437654
2,4.75,1,0.669108759,0.16437837
2.25,4.75,0,0.854026772,0.000772749
2.25,4.75,0.2,0.576873278,0.051860187
2.25,4.75,0.4,0.372482946,0.034721687
2.25,4.75,0.6,0.353997155,0.027698266
2.25,4.75,0.8,0.512159599,0.152301277
2.25,4.75,1,0.668730246,
2.5,4.75,0,0.816326835,7.77E-07
2.5,4.75,0.2,0.58949781,0.04548154
2.5,4.75,0.4,0.400808996,0.033427073
2.5,4.75,0.6,0.382898702,0.026968629
2.5,4.75,0.8,0.527238311,0.135592417
2.5,4.75,1,0.664798859,0.120829185
2.75,4.75,0,0.782221032,1.97E-07
2.75,4.75,0.2,0.597476068,0.039094769
2.75,4.75,0.4,0.427063302,0.031600096
2.75,4.75,0.6,0.410052288,
2.75,4.75,0.8,0.539232596,0.118760537
2.75,4.75,1,0.658330579,0.101509839
3,4.75,0,0.750002116,2.45E-05
3,4.75,0.2,0.601888923,0.033251831
3,4.75,0.4,0.451303177,0.02913969
3,4.75,0.6,0.435549013,0.023799116
3,4.75,0.8,0.548846356,0.102056828
3,4.75,1,0.650169975,0.083982467
3.25,4.75,0,0.719728752,7.08E-05
3.25,4.75,0.2,0.603127251,0.027453937
3.25,4.75,0.4,0.473661221,0.026153516
3.25,4.75,0.6,0.45947524,0.021458533
3.25,4.75,0.8,0.556462931,0.085746675
3.25,4.75,1,0.640687196,0.068026729
3.5,4.75,0,0.691387361,0.000133257
3.5,4.75,0.2,0.601922036,0.021817708
3.5,4.75,0.4,0.49424688,0.022590539
3.5,4.75,0.6,0.481919095,0.018687252
3.5,4.75,0.8,0.562299081,0.069851761
3.5,4.75,1,0.630418743,0.053577271
3.75,4.75,0,0.664949154,0.000291448
3.75,4.75,0.2,0.598977091,0.017046617
3.75,4.75,0.4,0.513188143,0.018670534
3.75,4.75,0.6,0.502957843,0.015552301
3.75,4.75,0.8,0.566768536,0.054570799
3.75,4.75,1,0.619615307,0.040533706
4,4.75,0,0.640125209,0.000350936
4,4.75,0.2,0.594211,0.011661788
4,4.75,0.4,0.530602665,0.014392704
4,4.75,0.6,0.522669544,0.01207187
4,4.75,0.8,0.570168637,0.039980829
4,4.75,1,0.608484636,
4.25,4.75,0,0.616913936,0.000425073
4.25,4.75,0.2,0.588514932,0.007390067
4.25,4.75,0.4,0.546587852,0.009820486
4.25,4.75,0.6,0.541139508,0.008303653
4.25,4.75,0.8,0.573610159,0.024616334
4.25,4.75,1,0.597224399,0.018184623
4.5,4.75,0,0.595199531,0.000526224
4.5,4.75,0.2,0.581930584,0.003511195
4.5,4.75,0.4,0.561243496,0.005008572
4.5,4.75,0.6,0.558427254,0.004287877
4.5,4.75,0.8,0.57394449,0.012767282
4.5,4.75,1,0.585919582,0.008643699
4.75,4.75,0,0.574853512,0.000645294
4.75,4.75,0.2,0.574661545,7.97E-06
4.75,4.75,0.4,0.574657204,3.85E-05
4.75,4.75,0.6,0.574581828,0.000193105
4.75,4.75,0.8,0.574665252,1.27E-05
4.75,4.75,1,0.574671617,6.36E-05
5,4.75,0,0.55555556,6.99E-07
5,4.75,0.2,0.566899041,0.00315715
5,4.75,0.4,0.586925544,0.005152767
5,4.75,0.6,0.590322505,0.004820626
5,4.75,0.8,0.574768452,0.012059867
5,4.75,1,0.563537703,0.007755242
1,5,0,0.999999424,2.02E-06
1,5,0.2,0.350952711,0.063912425
1,5,0.4,0.170163064,0.021388405
1,5,0.6,0.173101817,0.030024391
1,5,0.8,0.422563722,0.27224064
1,5,1,0.56514414,0.2540863
1.25,5,0,0.987770466,6.73E-05
1.25,5,0.2,0.405801431,0.066783286
1.25,5,0.4,0.207288514,0.02435113
1.25,5,0.6,0.210487456,0.03441066
1.25,5,0.8,0.462045129,0.261513605
1.25,5,1,0.604598994,0.234995839
1.5,5,0,0.960262193,0.000140003
1.5,5,0.2,0.450168502,0.066509295
1.5,5,0.4,0.242235186,0.026990862
1.5,5,0.6,0.24563129,0.037602321
1.5,5,0.8,0.491156331,0.244648623
1.5,5,1,0.629065326,0.21179025
1.75,5,0,0.926168254,0.000268068
1.75,5,0.2,0.485506649,0.063979602
1.75,5,0.4,0.275146933,0.028752559
1.75,5,0.6,0.278628018,0.039661601
1.75,5,0.8,0.513110912,0.224545077
1.75,5,1,0.643154602,0.187591199
2,5,0,0.889955599,0.000470766
2,5,0.2,0.513165121,0.059913803
2,5,0.4,0.30613372,0.029744928
2,5,0.6,0.309544197,0.040711986
2,5,0.8,0.528921467,0.203680253
2,5,1,0.649925396,0.163967466
2.25,5,0,0.854026772,0.000772749
2.25,5,0.2,0.534351794,0.054853857
2.25,5,0.4,0.335277674,0.029866472
2.25,5,0.6,0.338505678,0.040776505
2.25,5,0.8,0.540879347,0.182302467
2.25,5,1,0.651634674,0.14174259
2.5,5,0,0.816326835,7.78E-07
2.5,5,0.2,0.550132562,0.04924633
2.5,5,0.4,0.36261353,0.029433725
2.5,5,0.6,0.365617165,0.039919597
2.5,5,0.8,0.549621515,0.161239857
2.5,5,1,0.649222463,0.12099401
2.75,5,0,0.782221032,1.97E-07
2.75,5,0.2,0.561416184,0.043400326
2.75,5,0.4,0.388236087,0.028418411
2.75,5,0.6,0.390961662,0.038247633
2.75,5,0.8,0.555843183,0.141032285
2.75,5,1,0.644265952,0.102395161
3,5,0,0.750002116,2.45E-05
3,5,0.2,0.56897397,0.037550603
3,5,0.4,0.412242654,0.026848179
3,5,0.6,0.414662054,0.035869498
3,5,0.8,0.560084636,0.121640611
3,5,1,0.637313757,0.085449191
3.25,5,0,0.719728752,7.08E-05
3.25,5,0.2,0.573643694,0.032227003
3.25,5,0.4,0.434721414,0.024776513
3.25,5,0.6,0.436801898,0.032853486
3.25,5,0.8,0.562666297,0.103214209
3.25,5,1,0.628950395,0.070160878
3.5,5,0,0.691387361,0.000133257
3.5,5,0.2,0.57564042,0.026804379
3.5,5,0.4,0.455734551,0.022201396
3.5,5,0.6,0.457477665,0.029292135
3.5,5,0.8,0.564063887,0.085556946
3.5,5,1,0.619580014,0.056456404
3.75,5,0,0.664949154,0.000291448
3.75,5,0.2,0.575613147,0.021738244
3.75,5,0.4,0.475374309,0.019269299
3.75,5,0.6,0.476772683,0.025275196
3.75,5,0.8,0.564351302,0.069082438
3.75,5,1,0.609534135,0.044163767
4,5,0,0.640125209,0.000350936
4,5,0.2,0.573612836,0.016115722
4,5,0.4,0.493707688,0.015964615
4,5,0.6,0.494779027,0.020814757
4,5,0.8,0.563770212,0.053491885
4,5,1,0.599023912,0.033228401
4.25,5,0,0.616913936,0.000425073
4.25,5,0.2,0.570519077,0.011574483
4.25,5,0.4,0.510832198,0.012344214
4.25,5,0.6,0.511573709,0.016016558
4.25,5,0.8,0.562500928,0.038864555
4.25,5,1,0.58826007,0.023530126
4.5,5,0,0.595199531,0.000526224
4.5,5,0.2,0.566342506,0.007372483
4.5,5,0.4,0.526799586,0.008454818
4.5,5,0.6,0.527228446,0.010916
4.5,5,0.8,0.560634279,0.025087912
4.5,5,1,0.577353585,0.014777445
4.75,5,0,0.574853512,0.000645294
4.75,5,0.2,0.561285458,0.003530176
4.75,5,0.4,0.541675386,0.004329289
4.75,5,0.6,0.542431871,0.005031355
4.75,5,0.8,0.558390435,0.012015505
4.75,5,1,0.566424922,0.007002942
5,5,0,0.55555556,6.99E-07
5,5,0.2,0.555553705,4.98E-06
5,5,0.4,0.555532763,5.89E-05
5,5,0.6,0.554504552,0.001814792
5,5,0.8,0.555557861,4.02E-05
5,5,1,0.555537299,0.000145542
